{
    "c_m": 0.34636, 
    "i_ext": -0.5, 
    "cell_area": 0.00034636, 
    "dt": 0.01, 
    "gl": 0.015655472, 
    "El": -80.0, 
    "Ei": -75, 
    "Ee": 0, 
    "spike_threshold": -20, 
    "gtot": 0.085055472, 
    "ti": 10.49, 
    "tstop": 5000, 
    "te": 2.73
}