{
    "g_i0": 0.0573, 
    "std_e": 0.0034641016151377543, 
    "g_e0": 0.0121, 
    "E_e": 0, 
    "tau_i": 10.49, 
    "E_i": -75, 
    "tau_e": 2.73, 
    "std_i": 0.005138093031466052
}