{
    "soma": {
        "mechanisms": {
            "pas": {
                "0.5": {
                    "g_pas": 0.0000452,
                    "e_pas": -80
                }
            }
        },
        "geom": {
            "diam": 104.99991056120845,
            "L": 104.99991056120845
        },
        "cm": 1,
        "nseg": 1
    }
}